mesh,err
50,0.010443582396361915
100,0.002613499834211625
150,0.12614135704876894
200,0.000654653806458157
250,0.1254299816253074
300,0.12530364830627239
350,0.2492240964273013
400,0.00016472414674466144
