mesh,err
20,0.07678966057673037
40,0.023784788787419308
80,0.01765832427403824
160,0.007774967216248264
320,0.0038010494231707167
640,0.0020505787010507647
1280,0.0007212961527701323
2560,0.000326714604693101
